product_id,product_name,category,unit_price,supplier
1,Night Light 1,Desk Lamp,144.43,"Moran, Walker and Lowe"
2,LED Strip 2,Moon Lamp,102.45,Mckee-Gray
3,Night Light 3,Desk Lamp,83.18,"Brewer, Oliver and Singleton"
4,Night Light 4,Night Light,13.3,"Murphy, Morgan and Strickland"
5,LED Strip 5,Lamp,67.92,Morrison-Ramos
6,Lamp 6,Night Light,51.89,Garcia Ltd
7,LED Strip 7,Lamp,114.73,Valdez and Sons
8,Lamp 8,Night Light,39.16,"Armstrong, Smith and Mitchell"
9,Moon Lamp 9,Lamp,38.73,"Martin, Freeman and Zuniga"
10,Moon Lamp 10,Lamp,36.53,Moore-Harris
11,LED Strip 11,LED Strip,27.59,Ramsey-Barrett
12,Moon Lamp 12,Lamp,53.54,Jones-Bray
13,Desk Lamp 13,Lamp,134.03,Rodriguez Group
14,Night Light 14,LED Strip,118.49,Powell-Smith
15,Night Light 15,Moon Lamp,112.94,"Velazquez, Ortiz and Davis"
16,Lamp 16,Moon Lamp,121.63,Dougherty-Simmons
17,Moon Lamp 17,LED Strip,47.72,Wagner-Howell
18,Lamp 18,Desk Lamp,134.24,"Byrd, Thornton and Anderson"
19,Night Light 19,Lamp,29.22,Abbott-Ward
20,Night Light 20,Lamp,57.09,Campos and Sons
21,Moon Lamp 21,LED Strip,92.14,"Meyers, King and Fowler"
22,Desk Lamp 22,LED Strip,24.41,Burton LLC
23,Desk Lamp 23,Desk Lamp,112.22,"Phillips, Rogers and Norris"
24,Moon Lamp 24,Moon Lamp,64.21,"Pierce, Lee and Stephenson"
25,Moon Lamp 25,Night Light,119.82,Francis Group
26,Lamp 26,Moon Lamp,79.01,Morrison-Johnson
27,Moon Lamp 27,Lamp,35.32,Duarte LLC
28,Desk Lamp 28,LED Strip,112.87,"Schmidt, Davies and Taylor"
29,Moon Lamp 29,Desk Lamp,45.3,"Sullivan, Rivera and Perez"
30,Lamp 30,Moon Lamp,78.71,"Peters, Mcclain and Glenn"
31,Lamp 31,Desk Lamp,20.57,Bates-Harris
32,Lamp 32,Moon Lamp,96.5,Smith-Mcclain
33,Lamp 33,Lamp,103.22,Williamson LLC
34,LED Strip 34,Night Light,63.01,"Rose, Crawford and Coleman"
35,Moon Lamp 35,Desk Lamp,143.62,Jones Inc
36,Night Light 36,Desk Lamp,132.38,"Page, Walsh and Perez"
37,Moon Lamp 37,Night Light,109.11,Spears LLC
38,LED Strip 38,Desk Lamp,109.91,Jones-Obrien
39,Lamp 39,Desk Lamp,45.34,Morrison Ltd
40,LED Strip 40,Moon Lamp,101.95,"King, Hill and Miller"
41,Desk Lamp 41,Moon Lamp,37.75,Gonzalez Group
42,Desk Lamp 42,Night Light,30.16,"Meyer, Torres and Henry"
43,Moon Lamp 43,Lamp,149.93,"Parker, Stephenson and Johnson"
44,Moon Lamp 44,Desk Lamp,97.13,Walker-Richard
45,Night Light 45,Lamp,70.34,Hoover PLC
46,Night Light 46,Night Light,50.34,Mckenzie-Brown
47,Desk Lamp 47,Night Light,94.55,"Lang, Ramos and Patterson"
48,Lamp 48,Moon Lamp,16.94,Camacho-Cook
49,LED Strip 49,Desk Lamp,23.26,Waters and Sons
50,Night Light 50,LED Strip,14.6,"Flores, Pope and Jefferson"
51,Night Light 51,Night Light,79.88,"Orozco, Reyes and Brown"
52,Lamp 52,Desk Lamp,94.08,Long Group
53,Lamp 53,Lamp,18.75,Robinson Group
54,Moon Lamp 54,Moon Lamp,110.97,Adams LLC
55,LED Strip 55,Lamp,42.26,Campbell-Carney
56,Lamp 56,Night Light,105.93,Guerra Ltd
57,Night Light 57,Night Light,147.47,Hernandez LLC
58,Night Light 58,Lamp,106.75,Perry-Brown
59,Desk Lamp 59,Night Light,133.65,Romero-Hammond
60,Lamp 60,Desk Lamp,142.75,"Moore, Lyons and Delgado"
61,Moon Lamp 61,Night Light,78.15,Turner-Peterson
62,LED Strip 62,Moon Lamp,108.33,Rose-Dominguez
63,Moon Lamp 63,Desk Lamp,129.28,"Ward, Simpson and Harris"
64,Night Light 64,LED Strip,59.93,Jones-Harrell
65,Moon Lamp 65,Night Light,46.6,Johnson-Vasquez
66,Night Light 66,Night Light,142.52,Cannon-Larson
67,Night Light 67,Moon Lamp,111.68,Johnson-Swanson
68,Night Light 68,Moon Lamp,40.76,Bryan PLC
69,Night Light 69,Lamp,72.87,Murphy Ltd
70,Night Light 70,Lamp,121.5,"Tyler, Stein and Rhodes"
71,Desk Lamp 71,Lamp,86.59,"Pena, Simmons and Martinez"
72,Moon Lamp 72,Moon Lamp,100.99,"Wright, Roman and Hawkins"
73,Desk Lamp 73,Lamp,115.53,Mendoza-Murphy
74,Desk Lamp 74,Lamp,97.08,Anderson LLC
75,Lamp 75,LED Strip,85.61,Gill-Campbell
76,Lamp 76,Lamp,114.95,Blackwell Group
77,Lamp 77,Night Light,111.86,Hopkins-Smith
78,LED Strip 78,Moon Lamp,98.18,Schmidt and Sons
79,Lamp 79,Desk Lamp,60.37,Cardenas-Salinas
80,Moon Lamp 80,LED Strip,66.81,"Ingram, Maynard and White"
81,Desk Lamp 81,Moon Lamp,145.86,Gentry Group
82,Moon Lamp 82,Moon Lamp,25.73,Cox-White
83,Lamp 83,Night Light,47.59,Gill-Peterson
84,LED Strip 84,Lamp,78.94,Smith-Maxwell
85,LED Strip 85,Night Light,127.14,"Walters, Dixon and Archer"
86,Desk Lamp 86,Lamp,32.91,"Wright, Cole and Oliver"
87,Moon Lamp 87,Lamp,48.77,Young-Douglas
88,Night Light 88,Moon Lamp,19.21,"Crosby, White and Williams"
89,Moon Lamp 89,Lamp,108.84,"Green, Johnson and Scott"
90,Lamp 90,LED Strip,43.35,Simpson-Sanders
91,Night Light 91,LED Strip,64.41,"Walter, Hale and Bishop"
92,LED Strip 92,LED Strip,72.12,"Dickerson, Smith and Duffy"
93,Desk Lamp 93,Moon Lamp,134.78,"Pena, Cruz and Vazquez"
94,Desk Lamp 94,Night Light,67.59,"Martin, Griffin and Nelson"
95,LED Strip 95,Desk Lamp,30.33,Dixon LLC
96,Lamp 96,Lamp,83.4,"Thomas, Harrell and Hayes"
97,LED Strip 97,Desk Lamp,144.81,Hammond-Holmes
98,Lamp 98,Night Light,95.08,Curtis-Wong
99,Night Light 99,Night Light,147.67,Walker-Anderson
100,LED Strip 100,Moon Lamp,127.76,"Harvey, Bates and Roach"
101,Lamp 101,LED Strip,15.04,Dunn LLC
102,Night Light 102,LED Strip,102.18,Salas-Thompson
103,LED Strip 103,Night Light,50.15,Brown-Gilbert
104,Desk Lamp 104,Moon Lamp,88.35,Wilkins-Nichols
105,LED Strip 105,Moon Lamp,49.11,Turner Group
106,Moon Lamp 106,Lamp,58.84,"Warren, Park and Wu"
107,LED Strip 107,LED Strip,139.24,"Dawson, Grant and Howell"
108,Moon Lamp 108,Night Light,38.93,"Joseph, Morales and Beasley"
109,Night Light 109,Desk Lamp,132.38,Hurley-Thompson
110,LED Strip 110,LED Strip,14.26,Parker Group
111,Night Light 111,Lamp,22.72,Rodriguez Group
112,Night Light 112,Moon Lamp,129.65,"Bryant, Castillo and Hahn"
113,Lamp 113,Night Light,98.28,Peterson Group
114,Night Light 114,LED Strip,114.61,Combs Group
115,Night Light 115,Desk Lamp,39.32,Brown Group
116,LED Strip 116,Lamp,85.19,Gray Group
117,LED Strip 117,Lamp,113.21,Young PLC
118,Desk Lamp 118,LED Strip,97.82,"Simpson, Brown and Smith"
119,Lamp 119,Desk Lamp,76.04,"Jarvis, Bullock and Carroll"
120,Night Light 120,Lamp,144.37,Sanders Group
121,Lamp 121,Night Light,104.66,"Martinez, Jackson and Francis"
122,Moon Lamp 122,Lamp,137.09,"Sanders, Ramsey and Mills"
123,Night Light 123,Desk Lamp,112.17,"Day, Reynolds and Hobbs"
124,Lamp 124,Moon Lamp,112.96,Jackson-Doyle
125,Desk Lamp 125,Moon Lamp,21.2,"Taylor, Collins and Hudson"
126,Desk Lamp 126,LED Strip,60.33,"Soto, Martinez and Snyder"
127,Night Light 127,Desk Lamp,130.17,"Hester, Hebert and Henderson"
128,Moon Lamp 128,Lamp,42.56,Hatfield Group
129,Desk Lamp 129,Lamp,26.17,Long Group
130,Desk Lamp 130,Moon Lamp,55.65,Little PLC
131,Moon Lamp 131,Moon Lamp,40.86,"Duncan, Stevens and Thomas"
132,Lamp 132,Night Light,139.54,Herrera-Holt
133,Desk Lamp 133,Moon Lamp,131.52,Frye and Sons
134,LED Strip 134,Night Light,79.96,"Shaw, Zavala and Johnson"
135,Desk Lamp 135,Lamp,18.59,"Lopez, Blake and Walker"
136,Lamp 136,Night Light,110.04,Allen-Peterson
137,Lamp 137,Night Light,97.28,Forbes Group
138,Night Light 138,LED Strip,145.88,Maynard LLC
139,LED Strip 139,Moon Lamp,88.25,Holmes-Lopez
140,Lamp 140,Night Light,57.1,Fry PLC
141,Moon Lamp 141,Lamp,82.66,Serrano LLC
142,LED Strip 142,Desk Lamp,147.1,Wallace PLC
143,LED Strip 143,Night Light,107.49,Hayes Inc
144,Moon Lamp 144,Moon Lamp,104.08,Bryant-Delgado
145,Desk Lamp 145,LED Strip,43.7,"Obrien, Serrano and Wilson"
146,Moon Lamp 146,Lamp,114.1,Leon Group
147,Moon Lamp 147,LED Strip,115.04,Edwards-Spencer
148,Desk Lamp 148,Desk Lamp,54.42,Ross LLC
149,Desk Lamp 149,Night Light,77.72,Bailey Inc
150,Desk Lamp 150,Night Light,51.24,Woodward and Sons
151,Desk Lamp 151,Moon Lamp,46.22,Benson Ltd
152,Desk Lamp 152,Night Light,13.63,"Ramsey, Thompson and Oconnor"
153,Moon Lamp 153,Lamp,49.93,Garcia LLC
154,Night Light 154,Desk Lamp,87.56,Wolfe-Hayes
155,Night Light 155,LED Strip,10.22,"Jones, Riley and Barnett"
156,Lamp 156,Desk Lamp,49.65,Sweeney-Hines
157,Night Light 157,Night Light,133.4,Ruiz-Hall
158,Night Light 158,LED Strip,93.11,"Ballard, Smith and Patterson"
159,Moon Lamp 159,Moon Lamp,95.1,"Swanson, Wood and Gonzalez"
160,Desk Lamp 160,Desk Lamp,66.47,Jones LLC
161,Desk Lamp 161,LED Strip,104.71,Rivera LLC
162,Moon Lamp 162,LED Strip,36.59,Ballard-Lin
163,Night Light 163,LED Strip,124.62,Golden-Jensen
164,Moon Lamp 164,Lamp,26.34,"Parks, Lucero and Hall"
165,Lamp 165,Desk Lamp,101.84,"Hamilton, Barnes and Christian"
166,Desk Lamp 166,LED Strip,57.76,Bird-Collins
167,LED Strip 167,Desk Lamp,114.65,Hurst-Romero
168,Lamp 168,LED Strip,86.97,Johnson Group
169,Lamp 169,Moon Lamp,73.33,Walton Group
170,Moon Lamp 170,Moon Lamp,33.72,Juarez-Cunningham
171,Night Light 171,Moon Lamp,99.16,"Johnson, Hoover and Mueller"
172,Desk Lamp 172,Night Light,146.47,Taylor-Gay
173,LED Strip 173,LED Strip,125.58,Thomas-Bishop
174,Lamp 174,Night Light,18.4,Avila Inc
175,LED Strip 175,Desk Lamp,62.67,"Gallegos, Adams and Baker"
176,Night Light 176,Night Light,139.58,May Ltd
177,Night Light 177,Desk Lamp,80.43,Williams-Guzman
178,LED Strip 178,Desk Lamp,102.7,Weaver-Jackson
179,Desk Lamp 179,Desk Lamp,137.76,"Riley, Clark and Castillo"
180,Night Light 180,Night Light,132.33,Davis Inc
181,LED Strip 181,LED Strip,80.25,Hunt Ltd
182,Lamp 182,Night Light,71.27,"Gilbert, Lee and Sherman"
183,LED Strip 183,LED Strip,57.56,"Beard, Rangel and Garcia"
184,LED Strip 184,LED Strip,110.66,Norman Ltd
185,Moon Lamp 185,Desk Lamp,50.18,Howell-Bentley
186,Night Light 186,Night Light,44.98,Joyce-Miller
187,Desk Lamp 187,LED Strip,59.87,"Huerta, Brown and Fuller"
188,Desk Lamp 188,Moon Lamp,34.81,Hunt-Dodson
189,Moon Lamp 189,LED Strip,107.32,Collins Inc
190,Desk Lamp 190,Moon Lamp,96.27,Lin LLC
191,LED Strip 191,Night Light,77.6,"Bird, Nelson and Fisher"
192,Moon Lamp 192,Night Light,64.65,Miller Ltd
193,Lamp 193,Night Light,137.27,Wilson LLC
194,Night Light 194,LED Strip,14.08,Hardin Group
195,Night Light 195,Lamp,117.68,Sexton Group
196,Night Light 196,LED Strip,136.27,Gonzalez-Garcia
197,LED Strip 197,LED Strip,72.49,Wilson LLC
198,Lamp 198,Desk Lamp,87.1,Andrews-Harvey
199,Moon Lamp 199,Desk Lamp,142.22,"Rios, Hanson and Lane"
200,Moon Lamp 200,LED Strip,39.72,"Wells, Moss and Rodriguez"
201,Night Light 201,Moon Lamp,82.82,Kirby-Haney
202,Lamp 202,Desk Lamp,76.46,"Lloyd, Williams and Lin"
203,Lamp 203,LED Strip,46.17,Gray Inc
204,Lamp 204,Lamp,124.6,Schneider-Stewart
205,Desk Lamp 205,Moon Lamp,135.94,"Carroll, Smith and Randall"
206,Desk Lamp 206,Night Light,119.47,Good-Turner
207,Night Light 207,LED Strip,37.35,"Harris, Sanders and Santana"
208,Lamp 208,LED Strip,22.14,Wu Inc
209,Lamp 209,Moon Lamp,94.76,Summers-Smith
210,Moon Lamp 210,Desk Lamp,17.99,Peterson Ltd
211,Moon Lamp 211,Desk Lamp,104.2,Branch Group
212,Night Light 212,Desk Lamp,84.26,Hanson LLC
213,Lamp 213,Night Light,102.79,Franklin LLC
214,Night Light 214,Moon Lamp,92.62,"Kirk, Gonzalez and Adams"
215,Moon Lamp 215,Moon Lamp,69.18,"Vasquez, Martinez and Smith"
216,Moon Lamp 216,Desk Lamp,38.12,"Gutierrez, Bautista and Watson"
217,Desk Lamp 217,Desk Lamp,52.8,Harris-Mccoy
218,Night Light 218,Lamp,83.43,Howard and Sons
219,Night Light 219,Lamp,101.26,Sanford-Mcgee
220,Lamp 220,LED Strip,119.13,Byrd-Bright
221,Lamp 221,LED Strip,117.4,"Harmon, Hoffman and Burch"
222,Desk Lamp 222,Moon Lamp,146.18,"Smith, Lloyd and Gamble"
223,LED Strip 223,Moon Lamp,50.02,Williams-Jenkins
224,LED Strip 224,Night Light,19.96,"Stephenson, Rivera and Kelly"
225,LED Strip 225,Night Light,58.39,Vega PLC
226,Night Light 226,Lamp,114.06,"Clark, Robbins and Johnson"
227,Night Light 227,LED Strip,71.34,Mcclain-Fowler
228,Moon Lamp 228,Lamp,124.49,Sherman-Chambers
229,Night Light 229,Lamp,86.91,Garcia-Buck
230,Night Light 230,LED Strip,140.17,"Harris, Gonzalez and Garcia"
231,Night Light 231,Night Light,142.7,Young Ltd
232,Desk Lamp 232,LED Strip,19.7,"Jones, Sanders and Hammond"
233,Night Light 233,Desk Lamp,73.9,Alexander-Johnson
234,Lamp 234,Desk Lamp,95.36,"Riggs, Moore and Haas"
235,Lamp 235,Desk Lamp,45.82,Rhodes-Jefferson
236,Moon Lamp 236,Moon Lamp,66.99,Schmidt-Moran
237,Desk Lamp 237,Night Light,104.88,Neal-Lopez
238,Lamp 238,Night Light,41.74,Thomas-Smith
239,Desk Lamp 239,Moon Lamp,94.28,"Rhodes, Schmidt and Benitez"
240,Desk Lamp 240,Lamp,107.64,Ayala-French
241,Moon Lamp 241,Desk Lamp,22.67,"Nguyen, Palmer and Gonzalez"
242,Desk Lamp 242,Desk Lamp,79.65,"Fuentes, Stephens and Lee"
243,Night Light 243,Lamp,46.83,Lewis Group
244,Desk Lamp 244,LED Strip,111.41,Walton and Sons
245,Moon Lamp 245,LED Strip,36.54,Richardson PLC
246,Moon Lamp 246,Night Light,134.91,"Ortiz, Day and Torres"
247,Moon Lamp 247,Moon Lamp,70.33,Harris-Brown
248,Lamp 248,Night Light,37.72,Meyer-Valentine
249,Night Light 249,LED Strip,71.32,Lara LLC
250,Lamp 250,Lamp,67.22,Sharp LLC
251,LED Strip 251,Night Light,70.05,"Valdez, Glass and Smith"
252,Night Light 252,Desk Lamp,91.98,Manning PLC
253,Desk Lamp 253,Desk Lamp,82.96,Sanchez Ltd
254,Moon Lamp 254,Lamp,30.97,Jones-Johns
255,LED Strip 255,LED Strip,19.18,Johnson LLC
256,Night Light 256,Desk Lamp,112.12,"Weiss, Torres and Sandoval"
257,Lamp 257,Desk Lamp,88.36,"Jefferson, Sheppard and Taylor"
258,Moon Lamp 258,Moon Lamp,60.26,Ortega PLC
259,Lamp 259,Night Light,123.17,Smith Ltd
260,Night Light 260,LED Strip,64.33,"Mitchell, Nguyen and Flores"
261,Night Light 261,Night Light,121.44,Lyons Group
262,LED Strip 262,LED Strip,52.81,Morris LLC
263,Desk Lamp 263,Desk Lamp,20.2,Miller-Adams
264,Lamp 264,Moon Lamp,140.57,Alvarado Ltd
265,LED Strip 265,Night Light,65.24,"Chan, Madden and Weaver"
266,Moon Lamp 266,Desk Lamp,120.98,Brown Inc
267,Desk Lamp 267,LED Strip,49.08,"Lee, Anderson and Cook"
268,LED Strip 268,Night Light,100.49,"Scott, Crawford and Reynolds"
269,Lamp 269,Night Light,132.26,Davis LLC
270,Night Light 270,Desk Lamp,15.83,"Montes, Moore and Christensen"
271,Moon Lamp 271,Night Light,126.29,George Ltd
272,Lamp 272,Moon Lamp,89.99,Reilly-Taylor
273,Desk Lamp 273,Moon Lamp,95.05,"Jenkins, Jones and Martinez"
274,Desk Lamp 274,Desk Lamp,83.24,Davies-Elliott
275,Night Light 275,LED Strip,132.43,"Miller, Park and Walsh"
276,Night Light 276,Desk Lamp,16.08,Jones and Sons
277,Moon Lamp 277,Moon Lamp,46.54,"Clark, Rowland and Johnson"
278,Moon Lamp 278,Lamp,132.61,Gibson-Petersen
279,Night Light 279,Lamp,115.33,Holden-Garrett
280,Night Light 280,Night Light,12.47,Santos-Bullock
281,Desk Lamp 281,Night Light,82.38,Walker Ltd
282,Night Light 282,Lamp,84.14,"Lindsey, Rollins and Price"
283,LED Strip 283,Moon Lamp,66.12,Garcia-Allen
284,Lamp 284,Night Light,51.64,Long-Jackson
285,Night Light 285,Desk Lamp,105.44,"Johnson, Tucker and Bates"
286,Moon Lamp 286,Desk Lamp,39.09,"Brown, Jarvis and Hunt"
287,LED Strip 287,Moon Lamp,121.85,"Duncan, Davidson and Cooper"
288,Moon Lamp 288,Night Light,122.43,"Richardson, Mendez and Berger"
289,LED Strip 289,Desk Lamp,68.14,"Cordova, Martin and Davidson"
290,Night Light 290,Night Light,49.7,Daniels-Sanders
291,Lamp 291,Night Light,49.74,Cisneros-Vasquez
292,Moon Lamp 292,Desk Lamp,77.52,Johnson PLC
293,LED Strip 293,Lamp,110.74,Lopez-Mitchell
294,Desk Lamp 294,Desk Lamp,60.24,Ashley LLC
295,Night Light 295,Moon Lamp,95.41,"Miller, Bernard and Bailey"
296,Lamp 296,LED Strip,63.55,Stein-Armstrong
297,Night Light 297,Desk Lamp,52.63,"Hood, Hutchinson and Brooks"
298,Desk Lamp 298,Night Light,13.48,Davis-Collins
299,Lamp 299,Night Light,10.55,Robbins-Tyler
300,Desk Lamp 300,Desk Lamp,41.81,Dean LLC
301,Night Light 301,LED Strip,66.9,Sims and Sons
302,LED Strip 302,Desk Lamp,129.18,Davis and Sons
303,Night Light 303,LED Strip,121.79,Arnold and Sons
304,Night Light 304,LED Strip,47.4,Frank-Mendoza
305,Night Light 305,Moon Lamp,44.24,"Santiago, Knight and Brown"
306,Moon Lamp 306,Night Light,41.83,Johnson and Sons
307,Desk Lamp 307,Night Light,57.49,"Jones, Hickman and Zhang"
308,Desk Lamp 308,LED Strip,79.75,Edwards-Rodriguez
309,Desk Lamp 309,Night Light,71.41,"Sanchez, Baker and Johnson"
310,Moon Lamp 310,Lamp,40.56,"Rogers, Henry and Molina"
311,LED Strip 311,LED Strip,28.26,Rodriguez LLC
312,Night Light 312,Night Light,11.76,Taylor-Watson
313,LED Strip 313,Lamp,31.55,Robinson and Sons
314,Moon Lamp 314,Moon Lamp,108.75,Horn-Robinson
315,Desk Lamp 315,Night Light,44.11,Wilson and Sons
316,Night Light 316,Lamp,75.6,Campbell LLC
317,Lamp 317,Desk Lamp,92.78,Lopez-Campbell
318,Lamp 318,Desk Lamp,134.16,May-Shaw
319,LED Strip 319,Lamp,134.44,"Johnson, Allison and Rogers"
320,Desk Lamp 320,LED Strip,114.4,"Taylor, Anderson and Mendoza"
321,Lamp 321,LED Strip,14.92,Johnson-Guerrero
322,LED Strip 322,Night Light,90.51,Brown-Torres
323,Moon Lamp 323,Desk Lamp,120.12,Ross-Donovan
324,LED Strip 324,LED Strip,12.42,Salazar-Fitzgerald
325,LED Strip 325,LED Strip,86.96,"Zuniga, Dominguez and Bell"
326,LED Strip 326,Desk Lamp,130.09,"Vargas, Wong and Torres"
327,Night Light 327,Moon Lamp,76.37,Lewis Inc
328,LED Strip 328,LED Strip,10.57,Vazquez-Hartman
329,LED Strip 329,Lamp,11.54,"Dean, Hayes and Haynes"
330,Night Light 330,Night Light,68.33,"Powell, Robinson and Jenkins"
331,Night Light 331,LED Strip,31.7,Dougherty Group
332,Moon Lamp 332,LED Strip,103.02,Bartlett PLC
333,Desk Lamp 333,Moon Lamp,109.23,Porter-Williams
334,Lamp 334,Lamp,34.9,Reid-Anderson
335,Lamp 335,Night Light,134.39,Jones Group
336,LED Strip 336,LED Strip,71.87,Oconnor and Sons
337,Moon Lamp 337,Night Light,30.0,Huber LLC
338,LED Strip 338,Desk Lamp,117.0,"Hardy, Young and Robbins"
339,Lamp 339,LED Strip,120.6,Clark PLC
340,Night Light 340,LED Strip,99.5,Morton and Sons
341,Desk Lamp 341,Desk Lamp,129.49,Rodriguez Inc
342,Moon Lamp 342,Moon Lamp,113.23,Mercer-Rodgers
343,Night Light 343,LED Strip,133.51,"Hobbs, Ruiz and Gregory"
344,Desk Lamp 344,Night Light,70.74,Perkins-Williams
345,Moon Lamp 345,Lamp,114.66,Rodriguez PLC
346,Moon Lamp 346,Night Light,149.97,"Carpenter, Merritt and Conner"
347,Lamp 347,Moon Lamp,111.49,Wood PLC
348,Night Light 348,Lamp,25.99,Anderson-Aguilar
349,Moon Lamp 349,Night Light,82.56,Simpson LLC
350,Moon Lamp 350,Night Light,92.23,"Wood, Nielsen and Morales"
351,Desk Lamp 351,Desk Lamp,34.39,Morales and Sons
352,Lamp 352,Moon Lamp,144.8,Powell and Sons
353,LED Strip 353,Desk Lamp,34.58,"Pittman, Morgan and Hicks"
354,Lamp 354,Lamp,34.86,"Baird, Dawson and Yang"
355,LED Strip 355,Desk Lamp,138.12,Griffin LLC
356,Night Light 356,Moon Lamp,75.13,Holland-Crawford
357,Night Light 357,LED Strip,18.85,Stone Inc
358,Moon Lamp 358,LED Strip,93.75,Lucas-Stevens
359,Night Light 359,Lamp,94.26,Jones Group
360,Moon Lamp 360,LED Strip,19.03,"Scott, Parker and Williams"
361,Lamp 361,Desk Lamp,146.15,Quinn LLC
362,Night Light 362,Lamp,86.16,"Guzman, Jackson and Parker"
363,Lamp 363,Moon Lamp,88.37,Alexander and Sons
364,Lamp 364,Lamp,82.82,Price-Krueger
365,Night Light 365,Lamp,95.5,Collins-Campos
366,Lamp 366,Night Light,47.0,"Ellis, Wilson and Warren"
367,Night Light 367,Night Light,50.21,Jones-Jackson
368,Night Light 368,Lamp,81.59,Love-Newman
369,Night Light 369,LED Strip,122.94,Colon-Ford
370,LED Strip 370,Night Light,16.98,"Butler, Compton and Yang"
371,Lamp 371,Moon Lamp,94.48,Graves-Ford
372,Desk Lamp 372,Desk Lamp,122.95,Holt and Sons
373,Night Light 373,Night Light,31.97,"Walters, Garcia and Black"
374,Lamp 374,Lamp,12.1,"Garcia, Perry and Murphy"
375,Moon Lamp 375,LED Strip,53.78,Martinez-Lewis
376,Night Light 376,Desk Lamp,92.34,Ramirez-Saunders
377,Night Light 377,Night Light,29.36,"Bell, Stanley and Harper"
378,Desk Lamp 378,LED Strip,69.66,"Roman, Ramsey and Burke"
379,LED Strip 379,LED Strip,87.33,"Brown, Barry and May"
380,LED Strip 380,LED Strip,93.84,Mccoy-Brooks
381,Night Light 381,Lamp,48.42,Johnson Inc
382,Lamp 382,Moon Lamp,66.0,Washington Inc
383,Moon Lamp 383,LED Strip,118.97,Garcia-Ruiz
384,Moon Lamp 384,Desk Lamp,141.77,Matthews-Rodriguez
385,Lamp 385,Night Light,130.66,Andrews PLC
386,Night Light 386,Desk Lamp,89.0,Reyes-Vazquez
387,Moon Lamp 387,Lamp,67.44,Williams-Diaz
388,LED Strip 388,Lamp,56.61,"Herman, Martin and York"
389,Lamp 389,Desk Lamp,27.49,Jimenez LLC
390,Desk Lamp 390,Moon Lamp,24.92,"Schmidt, Jordan and Moore"
391,Night Light 391,Lamp,106.37,"Powell, Gaines and Malone"
392,Lamp 392,Lamp,46.37,"Nelson, Kim and Moore"
393,Moon Lamp 393,Desk Lamp,45.65,"Taylor, Moore and Lopez"
394,Night Light 394,Lamp,149.75,Hill Inc
395,LED Strip 395,Moon Lamp,36.31,Carter-Duncan
396,Night Light 396,Moon Lamp,30.73,Ellis Group
397,Night Light 397,Moon Lamp,23.82,Moore-Brown
398,LED Strip 398,Night Light,91.17,"Rodriguez, Ramirez and Murray"
399,LED Strip 399,Moon Lamp,97.9,Dean Group
400,Night Light 400,Moon Lamp,61.13,Gonzales LLC
401,LED Strip 401,Night Light,84.96,Brown and Sons
402,Lamp 402,LED Strip,120.38,Mccann Ltd
403,LED Strip 403,Lamp,124.53,"Peterson, Le and Branch"
404,LED Strip 404,Moon Lamp,144.11,Mccormick Inc
405,Night Light 405,Lamp,125.4,Oconnor-Henderson
406,Lamp 406,Desk Lamp,89.08,Williams-English
407,Desk Lamp 407,Lamp,35.15,Lozano-Wilson
408,Desk Lamp 408,Night Light,23.97,"Tate, Rogers and Weaver"
409,Moon Lamp 409,Lamp,17.63,Nelson-Bell
410,LED Strip 410,Lamp,103.31,Sanders PLC
411,LED Strip 411,Lamp,123.06,Jones-Whitehead
412,Lamp 412,LED Strip,81.22,Mcbride Ltd
413,Desk Lamp 413,LED Strip,17.66,Johnson PLC
414,Moon Lamp 414,Desk Lamp,84.97,Vasquez-Francis
415,Lamp 415,Night Light,141.0,Brown-Clarke
416,LED Strip 416,Lamp,93.67,Sanchez and Sons
417,Desk Lamp 417,Lamp,123.32,Copeland Inc
418,Moon Lamp 418,Lamp,122.02,"Richmond, Owens and Martinez"
419,Night Light 419,Lamp,140.5,Kennedy-Sparks
420,Desk Lamp 420,LED Strip,117.83,"Russell, Rogers and Jordan"
421,Moon Lamp 421,Desk Lamp,114.68,Miller LLC
422,Lamp 422,Moon Lamp,42.77,"Hogan, Nelson and Thompson"
423,Night Light 423,Night Light,18.39,Simpson Inc
424,Moon Lamp 424,Lamp,82.46,Robinson-Tyler
425,Moon Lamp 425,Desk Lamp,27.42,Huynh Group
426,LED Strip 426,Moon Lamp,144.71,Martin PLC
427,Desk Lamp 427,Desk Lamp,50.59,King-Velazquez
428,LED Strip 428,LED Strip,129.41,"Berg, Gaines and Knight"
429,Night Light 429,Moon Lamp,64.27,"Ross, Randolph and Martin"
430,Moon Lamp 430,Desk Lamp,55.25,"Sanders, Miller and Ayala"
431,LED Strip 431,LED Strip,140.92,"Davidson, Contreras and Moreno"
432,Desk Lamp 432,Desk Lamp,60.87,Whitehead PLC
433,Night Light 433,Desk Lamp,64.64,Wilson Inc
434,Lamp 434,Moon Lamp,24.85,Johnson LLC
435,LED Strip 435,LED Strip,103.86,Mcdaniel PLC
436,Night Light 436,Lamp,50.44,Landry PLC
437,Lamp 437,Night Light,91.98,Diaz and Sons
438,LED Strip 438,Moon Lamp,92.79,Clark Group
439,Night Light 439,LED Strip,110.69,Williams-Mitchell
440,Night Light 440,Desk Lamp,114.33,"Pham, Sanders and Allen"
441,LED Strip 441,LED Strip,82.02,Baker PLC
442,Night Light 442,Night Light,56.34,"Lynch, Dunn and Ortiz"
443,Moon Lamp 443,Night Light,127.24,Richard-Howe
444,LED Strip 444,Lamp,53.38,"Jackson, Garcia and Ramsey"
445,Night Light 445,Lamp,81.05,Nguyen-Collins
446,Lamp 446,Night Light,66.18,Richards-Gonzalez
447,Lamp 447,Moon Lamp,129.71,"Duncan, Brown and Martinez"
448,Moon Lamp 448,Moon Lamp,70.47,Santiago-Jones
449,LED Strip 449,Desk Lamp,64.05,Salazar-Garner
450,Night Light 450,Lamp,106.58,Collins Ltd
451,Night Light 451,Desk Lamp,94.34,Jones-Hernandez
452,Lamp 452,Lamp,25.01,"Mathews, Stanley and Wong"
453,Moon Lamp 453,Night Light,81.14,Baker-Miller
454,Lamp 454,Moon Lamp,112.97,"Williams, Hogan and Gonzalez"
455,Lamp 455,Moon Lamp,148.89,Camacho-Jackson
456,Moon Lamp 456,Night Light,98.08,"Perry, Middleton and Johnson"
457,LED Strip 457,Desk Lamp,61.84,Harris Group
458,Night Light 458,Desk Lamp,41.66,Young Group
459,LED Strip 459,LED Strip,132.2,Baird LLC
460,Desk Lamp 460,Lamp,124.04,Contreras-Ingram
461,Desk Lamp 461,Desk Lamp,42.75,Smith-Medina
462,Desk Lamp 462,Night Light,38.09,Brennan-Miller
463,Moon Lamp 463,Desk Lamp,110.12,"Johnson, Sullivan and Mullins"
464,Lamp 464,Moon Lamp,54.09,"Young, Hensley and Nunez"
465,LED Strip 465,Lamp,52.9,Jacobs-Hodges
466,Night Light 466,LED Strip,31.32,Olsen PLC
467,Desk Lamp 467,Lamp,46.96,Wilson-Bailey
468,LED Strip 468,Moon Lamp,69.85,"Jackson, Gibson and Hogan"
469,Desk Lamp 469,Moon Lamp,112.6,"Jones, Carlson and Raymond"
470,Desk Lamp 470,Moon Lamp,57.08,Anderson PLC
471,Night Light 471,Moon Lamp,56.0,Bradshaw and Sons
472,Moon Lamp 472,Night Light,49.89,"Scott, Arnold and Rivera"
473,Lamp 473,LED Strip,76.96,Levy-Myers
474,Moon Lamp 474,Moon Lamp,35.29,Sullivan-Frazier
475,LED Strip 475,Moon Lamp,77.99,Moore LLC
476,Moon Lamp 476,Desk Lamp,108.58,Pittman-Villanueva
477,LED Strip 477,LED Strip,14.17,"Davila, Mcdowell and Graham"
478,LED Strip 478,Lamp,11.37,Porter PLC
479,Lamp 479,LED Strip,20.52,Young Ltd
480,Night Light 480,LED Strip,84.99,Williams-Harris
481,Lamp 481,LED Strip,129.62,Kennedy and Sons
482,Moon Lamp 482,Moon Lamp,10.68,Jefferson-Rodriguez
483,LED Strip 483,Moon Lamp,141.13,"Johnston, Christian and Perry"
484,Desk Lamp 484,Night Light,24.88,Reyes-Holmes
485,Desk Lamp 485,Lamp,127.88,"Blackburn, Olson and Wood"
486,LED Strip 486,Desk Lamp,77.6,Allen-Johnson
487,Lamp 487,LED Strip,102.31,Cain Group
488,Night Light 488,Lamp,81.5,Smith-Harris
489,Lamp 489,Lamp,76.79,Hopkins-Smith
490,LED Strip 490,Night Light,126.89,Russo-Montgomery
491,LED Strip 491,Desk Lamp,115.82,"Johnson, Jacobson and Chavez"
492,Night Light 492,LED Strip,77.68,Baker Ltd
493,Moon Lamp 493,Desk Lamp,25.63,Robinson Group
494,Moon Lamp 494,Night Light,26.16,Cole-Thompson
495,Night Light 495,Moon Lamp,122.22,"Perez, Thompson and Thomas"
496,Moon Lamp 496,Lamp,84.11,Mayo-Warner
497,Desk Lamp 497,LED Strip,77.42,"Ramirez, Duncan and Green"
498,Moon Lamp 498,Moon Lamp,105.28,Morrow-Figueroa
499,Moon Lamp 499,Night Light,130.24,Bishop Ltd
500,Moon Lamp 500,Desk Lamp,98.04,"Hodges, Case and Simon"
